,Sales
0,68958.6
1,33732.0
2,207603.2
3,158610.0
4,45033.3
5,171219.75
6,6908.4
7,14296.5
8,32667.2
9,28366.2
10,17217.6
11,73078.2
12,51253.45
13,119215.0
14,29343.6
15,232402.5
16,134362.05
17,13590.0
18,39789.6
19,172866.75
20,5259.2
21,113738.5
22,38159.2
23,25431.3
24,96224.0
25,124936.4
26,8276.0
27,2193.0
28,107336.0
29,337675.25
30,45981.0
31,291243.4
32,193795.2
33,61056.0
34,77233.6
35,24588.8
36,156934.0
37,129671.2
38,121814.0
39,40959.0
40,307128.0
41,273405.25
42,137260.0
43,256420.0
44,136404.0
45,30775.95
46,150776.1
47,287432.0
48,63750.6
49,33485.0
50,40698.0
51,245651.0
52,64880.0
53,66475.2
54,48043.7
55,212310.0
56,251704.0
57,249808.2
58,74526.3
59,17748.0
60,88325.0
61,23376.7
62,50517.0
63,268348.4
64,95604.6
65,69994.0
66,128829.6
67,184946.0
68,19506.0
69,217021.5
70,7686.45
71,152569.6
72,33613.25
73,258344.75
74,20828.0
75,188392.5
76,275673.6
77,53998.4
78,156447.6
79,249403.5
80,25949.25
81,4714.0
82,112212.0
83,7141.6
84,15443.2
85,44480.0
86,186516.0
87,187425.5
88,130628.8
89,180485.6
90,181968.0
91,62529.4
92,123785.0
93,276267.6
94,65308.8
95,72549.0
96,66388.4
97,270185.0
98,319065.0
99,201636.0
100,47480.4
101,4096.8
102,304904.0
103,79924.65
104,208549.2
105,6898.4
106,117254.7
107,58896.0
108,40468.5
109,103759.2
110,54538.2
111,71352.0
112,77522.4
113,234651.0
114,81404.5
115,82528.0
116,210627.0
117,33261.4
118,197908.0
119,46036.0
120,111324.8
121,6284.0
122,253683.2
123,52972.8
124,51998.75
125,135236.7
126,54820.8
127,58821.0
128,24144.3
129,132863.5
130,234707.0
131,9478.4
132,45081.45
133,67413.5
134,126426.0
135,102394.8
136,59316.1
137,164648.0
138,298588.8
139,109599.6
140,46366.2
141,77892.0
142,181640.0
143,81556.0
144,105198.25
145,41459.6
146,127163.4
147,61952.0
148,40736.95
149,40338.0
150,255584.2
151,59092.2
152,26532.0
153,92579.4
154,49451.3
155,166538.8
156,33337.85
157,54312.0
158,15748.0
159,122479.2
160,42325.0
161,51013.6
162,215890.0
163,190404.25
164,270461.2
165,108018.8
166,20825.85
167,106979.4
168,127023.0
169,104535.0
170,119370.0
171,40274.7
172,10635.0
173,58458.6
174,37815.2
175,90019.25
176,80742.0
177,85212.0
178,35492.8
179,54330.0
180,89446.4
181,50035.0
182,16344.0
183,122152.5
184,295896.0
185,139745.0
186,14562.2
187,20072.0
188,122288.4
189,46475.2
190,51401.2
191,87415.2
192,45990.4
193,64983.8
194,92333.8
195,13561.0
196,259477.2
197,114370.5
198,87190.2
199,203480.0
200,62884.7
201,87123.2
202,75977.2
203,234302.4
204,61922.9
205,52744.5
206,79434.0
207,92262.1
208,142437.0
209,178082.25
210,89119.5
211,342567.0
212,108990.0
213,122091.15
214,85060.0
215,129863.85
216,99263.0
217,159880.0
218,69008.4
219,32323.8
220,56188.4
221,14059.0
222,43432.1
223,131653.1
224,212187.0
225,288705.0
226,295357.5
227,47052.9
228,187681.5
229,31020.0
230,91043.2
231,37200.0
232,235353.6
233,147336.45
234,33952.4
235,59052.8
236,60444.0
237,29894.5
238,229340.0
239,32734.8
240,58760.5
241,260200.0
242,85384.0
243,61992.0
244,2658.8
245,100572.0
246,51148.8
247,50811.3
248,105723.0
249,85438.6
250,114684.0
251,119981.2
252,289565.0
253,104896.8
254,29124.0
255,10023.45
256,17949.6
257,324859.5
258,56853.7
259,56836.6
260,55570.0
261,67022.1
262,136379.7
263,124995.2
264,135517.5
265,35115.2
266,96330.0
267,17479.8
268,229552.0
269,88540.8
270,126600.0
271,115909.2
272,85812.6
273,160833.6
274,34401.6
275,3560.0
276,236819.8
277,149838.75
278,73170.9
279,141660.0
280,198652.65
281,155307.6
282,79611.9
283,333535.5
284,45039.0
285,62388.9
286,18079.45
287,30319.25
288,68889.6
289,19236.8
290,225088.5
291,2230.4
292,257712.0
293,14436.2
294,149425.5
295,265568.0
296,153273.0
297,116016.5
298,68905.4
299,155600.5
300,50673.0
301,148165.8
302,203232.0
303,54355.5
304,74308.0
305,178886.75
306,87015.6
307,65178.0
308,225336.0
309,58351.85
310,327536.25
311,87459.2
312,25673.0
313,352555.0
314,121954.5
315,197621.6
316,274838.4
317,227461.35
318,127037.7
319,79212.0
320,71349.0
321,57519.5
322,94683.2
323,271340.0
324,119660.8
325,153926.6
326,10030.0
327,188409.6
328,5141.0
329,6503.4
330,138345.0
331,116437.5
332,243252.0
333,36391.9
334,107168.0
335,16402.7
336,98144.4
337,123705.6
338,223100.0
339,149100.6
340,122234.25
341,68870.4
342,32875.2
343,64346.35
344,107093.5
345,184247.7
346,7658.9
347,60107.75
348,22873.5
349,32827.2
350,139236.0
351,53128.0
352,230140.8
353,50135.3
354,40352.0
355,31347.9
356,143072.0
357,3780.0
358,15825.6
359,83921.4
360,59780.5
361,257161.2
362,255173.8
363,7087.0
364,112462.65
365,54671.0
366,27343.85
367,111222.5
368,34171.7
369,166764.0
370,207392.0
371,11208.0
372,142126.2
373,168298.2
374,19910.4
375,104508.0
376,230829.0
377,88261.2
378,20485.8
379,103464.0
380,42058.4
381,65196.6
382,220442.75
383,137560.0
384,91776.0
385,45148.8
386,34764.15
387,53089.2
388,40367.35
389,97110.8
390,153598.4
391,62507.0
392,139956.75
393,92682.0
394,315968.0
395,56089.8
396,75023.4
397,199608.9
398,29791.65
399,121876.2
400,228042.0
401,59535.9
402,110941.0
403,81640.8
404,81488.0
405,86488.0
406,26874.45
407,104994.0
408,59540.3
409,140873.6
410,11565.3
411,261839.0
412,165336.0
413,58687.4
414,41301.9
415,70674.3
416,123033.6
417,320431.5
418,283394.5
419,288203.4
420,42785.1
421,223864.65
422,137168.0
423,96363.0
424,32883.1
425,241162.25
426,21669.5
427,108611.3
428,100314.0
429,96224.0
430,40803.2
431,136873.6
432,95157.0
433,159698.0
434,112295.7
435,15455.7
436,30560.4
437,214656.0
438,59346.5
439,73380.0
440,10018.95
441,23987.2
442,84166.4
443,166433.4
444,62525.0
445,137193.3
446,12420.3
447,47902.8
448,109580.0
449,128934.0
450,115120.8
451,243113.6
452,19231.8
453,21737.6
454,15075.2
455,41023.8
456,129470.75
457,127944.0
458,38162.0
459,38605.0
460,14347.8
461,143684.0
462,82570.5
463,11851.2
464,70579.2
465,104764.2
466,186052.0
467,183584.7
468,7779.2
469,142240.0
470,110984.5
471,295950.0
472,43516.0
473,53969.5
474,13970.7
475,176650.0
476,60344.0
477,325580.0
478,43784.35
479,353172.0
480,88788.45
481,151647.0
482,80529.0
483,237750.8
484,99975.6
485,35183.2
486,59810.4
487,52459.0
488,157403.0
489,51640.0
490,47874.3
491,49897.8
492,121552.5
493,9722.0
494,133767.9
495,111888.0
496,20960.0
497,253748.0
498,18238.45
499,111613.5
500,56383.9
501,30586.0
502,32220.2
503,71520.0
504,241362.0
505,21528.0
506,250101.0
507,18745.2
508,74924.0
509,97754.4
510,10381.6
511,84677.3
512,156367.2
513,136596.0
514,317352.0
515,54079.7
516,54815.0
517,38989.5
518,84675.2
519,59007.6
520,83244.0
521,203159.4
522,184491.0
523,201708.0
524,125893.5
525,142130.2
526,119124.0
527,27817.6
528,235756.75
529,44726.4
530,106165.0
531,69645.6
532,58312.0
533,9786.9
534,51672.0
535,84732.0
536,63093.0
537,142737.5
538,250918.4
539,118586.7
540,179721.0
541,60217.0
542,21520.8
543,34273.8
544,129969.0
545,343040.0
546,34790.4
547,82892.0
548,135418.5
549,125208.0
550,257886.6
551,50884.8
552,132952.0
553,2513.7
554,175618.5
555,244425.6
556,203964.0
557,133172.0
558,19714.4
559,47097.0
560,136627.2
561,119612.8
562,111379.5
563,134037.0
564,299116.0
565,71299.4
566,103724.0
567,49016.2
568,67727.7
569,96844.0
570,41281.1
571,10106.5
572,130779.0
573,65896.75
574,163204.2
575,34358.7
576,131151.3
577,74662.3
578,165724.0
579,313508.0
580,53500.2
581,340765.0
582,287952.0
583,254635.0
584,10965.0
585,76677.3
586,98649.6
587,96575.1
588,335565.0
589,46037.7
590,146220.0
591,12509.45
592,26325.0
593,22883.6
594,173394.9
595,26652.6
596,94559.2
597,51247.75
598,101161.7
599,242564.5
600,13361.6
601,96892.8
602,86302.75
603,44965.4
604,62444.8
605,24821.7
606,117605.0
607,133656.0
608,102792.6
609,214110.0
610,89128.8
611,306705.0
612,38993.6
613,60307.5
614,40354.0
615,77549.4
616,145992.6
617,18861.5
618,8844.5
619,95987.2
620,14263.0
621,173972.55
622,99014.7
623,39768.0
624,358200.0
625,142508.55
626,248989.5
627,154392.0
628,1898.05
629,124839.0
630,31098.4
631,87513.6
632,133235.6
633,7870.0
634,289980.0
635,59569.6
636,51262.4
637,47006.7
638,154519.8
639,163166.85
640,4432.0
641,58985.5
642,5527.8
643,348222.5
644,26761.5
645,13768.0
646,272612.0
647,101957.5
648,76156.8
649,108086.4
650,28317.6
651,127828.2
652,36304.2
653,16858.7
654,160024.4
655,243212.0
656,64765.75
657,99849.5
658,175891.2
659,192607.2
660,86496.0
661,8501.55
662,76363.0
663,182130.2
664,205348.2
665,28857.6
666,130801.7
667,158449.5
668,236648.8
669,78622.95
670,48237.2
671,29775.5
672,108896.0
673,131387.85
674,283352.0
675,141149.1
676,38752.2
677,174627.0
678,62192.7
679,138358.8
680,111412.8
681,29714.3
682,126196.1
683,29253.6
684,31294.9
685,252908.0
686,154275.0
687,215186.4
688,169857.0
689,145066.5
690,10311.3
691,63468.0
692,205776.0
693,91324.0
694,103406.4
695,136630.9
696,64669.0
697,216165.6
698,66670.0
699,22975.0
700,180165.6
701,19174.5
702,112340.0
703,114839.25
704,20854.8
705,235236.0
706,1063.8
707,370956.0
708,19369.0
709,28539.0
710,53443.8
711,129598.05
712,88933.5
713,266460.0
714,18558.4
715,96135.0
716,114360.0
717,20791.7
718,155086.0
719,1864.0
720,17685.2
721,49449.4
722,232669.25
723,142209.0
724,39508.8
725,118864.0
726,37356.8
727,33842.8
728,26411.9
729,84082.0
730,58185.9
731,32172.8
732,72180.05
733,154626.9
734,40734.4
735,53985.65
736,179254.4
737,173641.95
738,145688.2
739,912.0
740,49429.0
741,30752.0
742,94900.5
743,53116.0
744,250709.75
745,35492.8
746,29917.8
747,174264.0
748,89808.0
749,28313.0
750,345000.0
751,1003.0
752,7778.4
753,281836.0
754,138529.6
755,241784.0
756,133696.35
757,100312.0
758,12556.15
759,46642.9
760,86073.6
761,154774.0
762,198685.8
763,138662.4
764,48388.8
765,14402.0
766,10648.8
767,257363.0
768,3839.2
769,116745.6
770,61948.0
771,28845.0
772,8863.5
773,198934.4
774,60854.4
775,213670.4
776,136425.6
777,156810.8
778,8731.2
779,73660.5
780,255806.5
781,124657.6
782,71077.0
783,20292.0
784,49866.4
785,98560.0
786,55368.0
787,77463.0
788,76513.6
789,144921.6
790,60253.95
791,4420.8
792,12813.6
793,293845.0
794,144348.0
795,6379.25
796,280728.8
797,8115.8
798,335135.0
799,56186.0
800,214807.35
801,171983.25
802,233107.2
803,3454.2
804,42910.0
805,147611.85
806,46532.9
807,7634.7
808,85618.8
809,99080.25
810,103944.0
811,327955.5
812,29043.9
813,34996.2
814,17156.0
815,16248.0
816,41099.4
817,195885.0
818,219096.6
819,104294.4
820,276184.8
821,186270.3
822,62772.0
823,66483.6
824,61495.8
825,140214.3
826,32888.7
827,114052.5
828,10808.0
829,181773.6
830,114382.4
831,104500.0
832,91318.5
833,31506.95
834,209897.75
835,147570.0
836,217429.35
837,63884.8
838,138984.0
839,129746.0
840,63299.2
841,22712.0
842,283855.25
843,49059.9
844,163381.0
845,17126.4
846,65081.1
847,121444.6
848,128592.0
849,308860.0
850,149645.0
851,78674.4
852,1139.2
853,110130.0
854,199804.8
855,161683.35
856,6876.0
857,85584.8
858,352051.0
859,36632.0
860,42118.4
861,27184.8
862,32373.9
863,6458.4
864,38595.2
865,131814.0
866,86985.6
867,124213.05
868,96696.0
869,21370.25
870,69530.0
871,102770.4
872,79574.4
873,71301.0
874,112039.2
875,22924.45
876,288632.0
877,391910.0
878,27590.4
879,21650.0
880,16923.5
881,116614.4
882,195531.0
883,77064.0
884,122894.0
885,45873.6
886,134765.8
887,156909.0
888,38316.0
889,82188.0
890,44729.6
891,182763.6
892,244085.4
893,33503.65
894,240267.6
895,268650.0
896,69996.6
897,44614.85
898,81459.75
899,178540.0
900,90582.4
901,100928.0
902,115576.2
903,110673.0
904,289804.5
905,230735.0
906,232649.6
907,113768.0
908,5647.2
909,382185.0
910,25641.0
911,16696.25
912,73276.2
913,279064.0
914,26961.0
915,68527.3
916,16134.8
917,7773.0
918,115004.0
919,97598.4
920,98280.0
921,23670.0
922,63998.1
923,29466.0
924,220561.5
925,33125.0
926,17599.0
927,210280.5
928,109497.0
929,110912.0
930,143879.4
931,147048.0
932,2360.0
933,97913.2
934,136738.25
935,134250.0
936,177229.25
937,28657.6
938,172624.8
939,100057.8
940,37840.8
941,200404.5
942,70187.4
943,129056.0
944,61675.2
945,130281.0
946,6722.4
947,242216.0
948,69416.1
949,8521.5
950,116686.6
951,79166.0
952,184346.55
953,185212.0
954,220609.0
955,115824.6
956,54052.8
957,123748.95
958,53482.0
959,86202.0
960,23716.0
961,38599.2
962,23826.0
963,101964.8
964,169059.2
965,6645.6
966,47648.0
967,128282.0
968,147071.25
969,61199.1
970,196069.5
971,36481.15
972,22260.0
973,23765.2
974,121340.8
975,111042.3
976,269413.2
977,17300.05
978,147564.8
979,92796.0
980,193249.8
981,125199.9
982,64619.1
983,89520.0
984,95801.8
985,17120.0
986,20838.0
987,119031.2
988,9075.6
989,93586.7
990,263836.8
991,93478.4
992,223924.5
993,193081.5
994,27223.2
995,22701.2
996,21751.5
997,60129.0
998,4954.5
999,222616.35
1000,18347.25
1001,64034.75
1002,82060.8
1003,69777.0
1004,150576.9
1005,45505.6
1006,188886.6
1007,140517.6
1008,243584.5
1009,54834.35
1010,16561.4
1011,23856.0
1012,61930.5
1013,25956.9
1014,218351.4
1015,119714.85
1016,193808.55
1017,146682.9
1018,147248.0
1019,152056.05
1020,111032.0
1021,156618.0
1022,91027.2
1023,158521.75
1024,13406.4
1025,304932.0
1026,39677.15
1027,80823.15
1028,134099.2
1029,36970.0
1030,112759.3
1031,151861.5
1032,1242.7
1033,141048.4
1034,70281.6
1035,13598.1
1036,18325.5
1037,173062.4
1038,30844.6
1039,35699.2
1040,62043.0
1041,1017.45
1042,9223.2
1043,86477.55
1044,272724.0
1045,134412.0
1046,311690.25
1047,127514.7
1048,34193.8
1049,20008.9
1050,46017.0
1051,138432.0
1052,103770.0
1053,214496.0
1054,265780.0
1055,223760.0
1056,135137.5
1057,278914.5
1058,166381.2
1059,111732.5
1060,14972.8
1061,2456.0
1062,11265.1
1063,198909.0
1064,135717.6
1065,31082.4
1066,83368.0
1067,17054.4
1068,83216.0
1069,158094.0
1070,56541.6
1071,115843.2
1072,49260.0
1073,4156.8
1074,1238.4
1075,22916.0
1076,11200.0
1077,33180.3
1078,11335.6
1079,15638.4
1080,223749.75
1081,168714.0
1082,48178.0
1083,139862.0
1084,58392.9
1085,173398.4
1086,6863.75
1087,244614.4
1088,38142.9
1089,158157.9
1090,194187.6
1091,111600.0
1092,19193.0
1093,25441.35
1094,123892.6
1095,98448.0
1096,28303.35
1097,71644.5
1098,134073.0
1099,114194.0
1100,100755.6
1101,306908.0
1102,64257.45
1103,205929.6
1104,248967.0
1105,207160.8
1106,17615.4
1107,252495.0
1108,168717.0
1109,52715.2
1110,12966.75
1111,294008.0
1112,127924.0
1113,173251.5
1114,277129.25
1115,104555.1
1116,127184.0
1117,75354.2
1118,23907.2
1119,60813.0
1120,41121.3
1121,314356.0
1122,36016.8
1123,41693.6
1124,372713.5
1125,63919.8
1126,66175.0
1127,2204.05
1128,48581.1
1129,76312.8
1130,70992.0
1131,294333.75
1132,330.3
1133,146680.0
1134,148418.5
1135,45757.8
1136,2668.0
1137,15175.8
1138,313452.0
1139,94601.6
1140,95697.0
1141,133395.0
1142,190349.6
1143,314068.5
1144,373500.0
1145,154464.0
1146,51951.6
1147,12425.05
1148,31249.8
1149,129021.6
1150,34648.8
1151,124936.0
1152,275852.0
1153,181929.6
1154,182707.2
1155,63353.9
1156,86936.0
1157,121773.0
1158,62747.0
1159,231888.0
1160,43644.0
1161,292357.5
1162,20121.0
1163,36822.4
1164,76140.6
1165,57508.2
1166,205704.45
1167,5632.0
1168,135017.4
1169,15851.2
1170,87327.0
1171,4720.05
1172,80761.6
1173,86385.6
1174,28908.0
1175,7631.1
1176,206470.4
1177,199946.5
1178,3590.4
1179,127392.15
1180,114937.0
1181,112597.8
1182,204681.0
1183,263574.8
1184,79714.0
1185,103652.6
1186,69812.0
1187,288955.0
1188,102535.5
1189,51261.6
1190,57703.0
1191,59180.4
1192,18913.55
1193,129953.1
1194,30800.9
1195,109074.6
1196,115008.0
1197,5916.0
1198,30552.8
1199,110425.5
1200,44778.25
1201,160053.6
1202,49442.4
1203,96476.4
1204,9688.8
1205,43747.5
1206,61801.6
1207,54160.0
1208,189768.0
1209,158137.2
1210,10346.45
1211,189342.0
1212,15395.2
1213,29769.6
1214,27327.6
1215,58065.3
1216,104616.0
1217,342335.0
1218,88928.0
1219,27376.0
1220,22466.35
1221,97131.0
1222,10814.4
1223,22876.95
1224,68502.6
1225,81689.25
1226,53001.0
1227,40814.0
1228,114974.4
1229,145360.2
1230,106369.0
1231,159304.8
1232,37192.5
1233,338219.0
1234,344245.5
1235,55134.0
1236,19969.2
1237,75422.0
1238,96384.0
1239,4561.95
1240,54240.0
1241,53104.0
1242,4023.9
1243,68289.0
1244,136688.4
1245,151048.8
1246,214417.8
1247,193075.8
1248,59511.8
1249,187411.4
1250,197002.8
1251,68898.0
1252,111753.75
1253,91133.5
1254,124987.2
1255,186283.6
1256,22947.2
1257,256405.0
1258,148230.0
1259,116459.1
1260,124659.0
1261,1641.6
1262,79297.0
1263,105801.5
1264,6431.2
1265,36324.8
1266,62406.4
1267,133992.75
1268,24001.6
1269,12432.1
1270,147440.0
1271,73598.1
1272,13487.8
1273,111784.0
1274,44724.0
1275,32949.4
1276,67662.0
1277,112703.2
1278,125559.0
1279,52073.6
1280,312964.0
1281,262271.25
1282,92329.2
1283,188470.8
1284,75329.3
1285,76296.0
1286,60701.9
1287,87711.6
1288,185388.0
1289,161862.0
1290,51055.2
1291,94797.1
1292,193905.4
1293,258648.0
1294,31776.0
1295,150540.0
1296,65235.8
1297,110790.0
1298,67362.0
1299,152484.5
1300,262295.0
1301,59604.0
1302,241165.4
1303,2258.0
1304,150494.0
1305,34488.0
1306,85198.4
1307,111048.0
1308,103542.4
1309,70170.8
1310,91945.0
1311,59784.0
1312,38464.0
1313,71998.2
1314,187968.0
1315,51036.0
1316,156028.5
1317,178709.1
1318,54603.0
1319,214153.2
1320,188732.0
1321,17904.0
1322,216444.0
1323,271354.5
1324,164844.0
1325,10131.2
1326,115257.8
1327,144828.0
1328,73944.2
1329,159723.0
1330,113681.75
1331,74632.0
1332,123054.0
1333,51004.8
1334,76244.0
1335,167598.75
1336,60692.0
1337,37181.0
1338,92229.25
1339,76060.8
1340,6543.0
1341,236048.0
1342,45434.2
1343,116678.4
1344,26132.0
1345,277794.0
1346,33091.2
1347,9863.4
1348,25789.5
1349,26825.6
1350,299560.0
1351,333200.0
1352,152312.55
1353,86930.7
1354,142989.0
1355,111584.0
1356,22307.9
1357,94970.0
1358,24437.6
1359,237888.0
1360,140291.2
1361,244248.0
1362,34729.2
1363,26036.0
1364,119878.6
1365,29422.8
1366,44736.45
1367,151860.0
1368,30736.3
1369,1691.0
1370,27672.6
1371,136421.6
1372,248409.8
1373,215780.0
1374,52593.6
1375,205174.8
1376,46034.1
1377,373455.0
1378,283532.25
1379,117784.5
1380,16229.9
1381,198200.4
1382,174469.4
1383,122763.8
1384,3420.9
1385,49239.65
1386,96331.5
1387,177471.4
1388,25832.35
1389,231948.0
1390,27280.8
1391,4842.0
1392,161265.4
1393,4041.3
1394,106764.8
1395,132692.2
1396,118712.7
1397,75321.0
1398,24655.5
1399,115817.6
1400,3388.65
1401,8213.4
1402,136601.6
1403,271068.25
1404,166480.0
1405,35556.6
1406,43457.1
1407,116680.0
1408,190809.0
1409,187878.0
1410,27474.0
1411,122289.6
1412,8011.2
1413,223628.4
1414,80868.0
1415,60736.8
1416,95664.0
1417,16358.25
1418,158108.4
1419,195399.0
1420,108002.0
1421,52865.6
1422,119936.7
1423,89766.8
1424,78099.2
1425,26824.0
1426,280820.0
1427,202403.7
1428,50990.0
1429,15095.0
1430,139772.0
1431,13377.0
1432,128577.6
1433,58172.4
1434,186289.4
1435,85020.4
1436,281188.6
1437,232875.0
1438,91206.0
1439,220662.2
1440,16279.2
1441,140661.0
1442,219982.5
1443,144760.05
1444,16997.0
1445,51471.95
1446,191642.4
1447,338545.0
1448,30517.8
1449,198360.0
1450,122979.2
1451,113121.6
1452,43556.55
1453,19015.2
1454,55335.0
1455,95412.5
1456,131938.2
1457,18730.4
1458,100686.75
1459,109682.4
1460,63974.0
1461,158325.6
1462,12113.1
1463,26023.5
1464,53463.15
1465,43772.4
1466,158977.2
1467,114537.5
1468,264762.0
1469,86230.8
1470,3135.0
1471,141801.6
1472,123422.4
1473,150425.6
1474,124858.8
1475,312445.5
1476,3600.0
1477,54092.3
1478,191688.0
1479,89459.1
1480,57377.55
1481,108927.0
1482,228572.0
1483,81067.2
1484,13630.0
1485,129494.7
1486,140896.8
1487,95872.5
1488,158964.45
1489,162208.8
1490,53344.3
1491,140262.0
1492,253352.0
1493,40716.0
1494,21997.15
1495,63482.25
1496,134762.4
1497,115457.6
1498,71668.8
1499,26458.8
1500,12915.25
1501,6343.0
1502,115861.8
1503,67368.6
1504,110644.0
1505,53654.4
1506,132601.0
1507,33328.5
1508,41834.7
1509,148918.5
1510,34406.4
1511,192392.4
1512,35761.2
1513,8435.0
1514,47255.2
1515,262238.4
1516,180784.0
1517,105139.8
1518,63115.9
1519,52711.7
1520,66693.55
1521,179599.05
1522,41095.8
1523,80057.25
1524,34350.0
1525,124092.8
1526,20972.8
1527,147601.65
1528,115357.5
1529,167871.0
1530,193004.4
1531,133846.2
1532,31028.9
1533,178044.0
1534,163229.0
1535,290885.0
1536,205401.4
1537,147385.0
1538,212948.2
1539,61892.5
1540,163035.0
1541,172774.6
1542,128486.4
1543,143985.75
1544,123559.2
1545,202214.4
1546,172605.0
1547,4213.45
1548,184682.7
1549,151915.0
1550,75876.0
1551,296867.4
1552,170018.7
1553,48522.6
1554,211775.0
1555,23366.4
1556,95444.8
1557,277952.0
1558,46565.55
1559,108164.2
1560,66261.0
1561,179430.75
1562,54064.0
1563,57673.6
1564,122129.1
1565,38907.25
1566,82684.8
1567,56876.4
1568,101563.2
1569,156748.0
1570,196514.1
1571,52785.85
1572,17149.6
1573,318848.0
1574,187992.0
1575,283214.0
1576,7782.0
1577,214410.0
1578,187100.0
1579,99513.6
1580,15154.0
1581,78441.6
1582,234355.0
1583,76190.6
1584,68412.0
1585,8841.6
1586,165790.8
1587,13618.0
1588,324950.0
1589,41152.8
1590,108560.0
1591,172009.6
1592,63491.4
1593,77782.0
1594,16960.0
1595,185280.0
1596,13716.0
1597,195946.05
1598,67150.0
1599,11212.35
1600,134728.0
1601,192984.0
1602,38881.0
1603,57860.7
1604,109854.0
1605,189824.25
1606,49024.0
1607,127022.0
1608,76977.0
1609,12702.0
1610,37990.75
1611,243852.25
1612,30889.0
1613,58305.3
1614,120190.2
1615,51112.2
1616,54250.0
1617,71382.0
1618,49454.0
1619,139334.4
1620,44681.4
1621,141186.0
1622,162702.75
1623,315732.0
1624,61502.0
1625,125768.6
1626,170208.0
1627,140841.6
1628,109143.0
1629,56649.1
1630,144962.0
1631,169416.0
1632,154669.5
1633,26313.6
1634,10402.5
1635,96155.2
1636,126463.5
1637,277087.5
1638,48242.4
1639,170736.0
1640,14636.8
1641,212129.4
1642,70320.9
1643,21994.2
1644,68459.85
1645,55914.0
1646,190608.0
1647,171700.0
1648,193608.0
1649,52803.2
1650,16644.0
1651,321151.25
1652,39595.0
1653,4120.0
1654,205314.0
1655,51710.4
1656,108362.7
1657,4018.5
1658,373915.0
1659,53192.7
1660,9644.0
1661,47464.0
1662,135092.0
1663,261032.4
1664,107504.0
1665,63433.0
1666,239988.0
1667,54140.4
1668,250984.8
1669,79316.8
1670,50306.4
1671,285753.6
1672,44045.8
1673,93979.2
1674,44440.0
1675,56155.0
1676,63559.8
1677,12104.0
1678,52740.8
1679,140770.05
1680,123675.0
1681,221152.0
1682,66250.15
1683,102839.8
1684,223595.8
1685,149134.5
1686,234604.8
1687,57324.9
1688,231044.0
1689,12614.4
1690,101012.0
1691,190498.5
1692,155898.0
1693,187600.8
1694,323478.0
1695,35658.0
1696,128504.7
1697,4450.6
1698,12301.0
1699,310512.0
1700,296664.0
1701,272955.6
1702,52946.4
1703,62796.0
1704,96681.6
1705,53273.75
1706,81550.8
1707,10495.2
1708,118834.0
1709,60453.9
1710,113634.0
1711,29835.0
1712,111191.9
1713,19871.0
1714,239790.0
1715,94159.6
1716,216523.05
1717,3961.6
1718,10276.2
1719,21299.0
1720,86405.4
1721,53337.6
1722,130515.75
1723,53870.4
1724,40223.0
1725,48597.0
1726,111711.0
1727,300757.5
1728,16421.4
1729,74759.3
1730,338810.0
1731,177063.3
1732,253627.2
1733,282877.2
1734,4148.0
1735,15434.3
1736,24638.25
1737,95293.8
1738,63181.35
1739,34130.9
1740,56313.6
1741,31246.0
1742,103954.5
1743,96287.4
1744,309657.25
1745,205587.0
1746,6956.8
1747,113186.8
1748,75960.0
1749,105429.6
1750,52824.0
1751,147312.0
1752,18037.8
1753,75334.65
1754,93711.8
1755,6745.0
1756,118860.0
1757,45377.0
1758,25530.3
1759,267053.0
1760,31308.2
1761,22240.8
1762,162165.0
1763,316493.25
1764,47489.0
1765,272830.0
1766,212248.4
1767,77499.0
1768,26366.4
1769,71024.0
1770,328101.5
1771,74069.6
1772,35421.7
1773,63757.8
1774,147168.3
1775,73444.5
1776,194917.5
1777,118220.85
1778,133250.8
1779,193602.0
1780,29842.0
1781,26540.15
1782,8831.5
1783,259617.2
1784,70896.8
1785,25795.8
1786,84601.6
1787,174776.0
1788,171156.0
1789,59764.5
1790,10963.2
1791,46795.1
1792,60989.0
1793,296105.5
1794,37722.6
1795,69153.6
1796,61848.0
1797,120103.2
1798,85219.2
1799,145764.0
1800,142332.0
1801,236286.0
1802,47252.7
1803,65111.7
1804,232735.75
1805,177916.05
1806,16640.8
1807,139448.0
1808,90315.0
1809,288895.0
1810,47932.25
1811,34232.9
1812,18085.6
1813,230274.0
1814,43728.0
1815,14877.0
1816,104652.0
1817,57997.8
1818,191520.0
1819,76108.8
1820,81316.0
1821,55533.0
1822,42292.8
1823,31112.55
1824,79168.5
1825,167130.4
1826,55992.0
1827,15975.0
1828,2109.0
1829,266808.0
1830,345415.5
1831,193914.0
1832,61661.55
1833,240780.0
1834,30788.8
1835,214438.75
1836,104400.0
1837,115664.4
1838,226332.0
1839,53794.8
1840,269914.0
1841,302904.0
1842,19651.7
1843,293572.0
1844,93500.0
1845,61410.85
1846,194915.7
1847,79619.5
1848,312912.0
1849,14850.4
1850,85471.2
1851,92658.25
1852,82582.4
1853,111245.0
1854,153416.7
1855,112713.6
1856,1536.8
1857,62790.4
1858,33530.4
1859,44234.85
1860,128307.0
1861,57474.45
1862,189522.15
1863,23237.0
1864,100082.4
1865,13617.6
1866,217788.45
1867,75176.0
1868,95448.2
1869,94771.05
1870,2252.0
1871,56456.0
1872,47448.8
1873,58600.0
1874,31801.25
1875,39304.0
1876,160565.85
1877,109380.0
1878,38281.5
1879,150100.8
1880,177551.2
1881,60626.25
1882,167870.7
1883,106633.6
1884,28781.0
1885,322014.0
1886,37328.8
1887,24931.8
1888,14630.4
1889,344702.75
1890,54095.7
1891,108345.0
1892,62703.9
1893,59304.0
1894,19016.0
1895,63783.0
1896,54185.6
1897,58657.6
1898,7909.7
1899,34217.1
1900,33317.0
1901,169692.8
1902,47897.1
1903,26505.55
1904,63893.2
1905,210629.25
1906,207221.6
1907,176352.0
1908,125687.85
1909,9970.25
1910,108919.4
1911,178614.0
1912,224493.5
1913,20680.0
1914,2225.6
1915,265761.0
1916,358385.0
1917,9070.0
1918,42738.0
1919,8780.8
1920,157753.6
1921,33626.0
1922,34803.25
1923,10736.0
1924,60329.6
1925,45215.25
1926,98708.0
1927,200343.3
1928,59384.8
1929,22486.0
1930,78795.0
1931,19192.0
1932,61461.0
1933,72041.4
1934,169735.5
1935,195304.5
1936,34509.6
1937,117485.3
1938,89338.4
1939,162175.5
1940,108496.0
1941,16642.8
1942,80651.7
1943,53618.4
1944,56990.4
1945,75877.8
1946,12979.2
1947,337454.25
1948,118029.0
1949,159908.4
1950,83095.2
1951,21629.6
1952,335573.25
1953,54015.3
1954,63767.8
1955,287004.0
1956,39397.0
1957,49571.0
1958,22444.2
1959,9504.7
1960,15722.0
1961,64272.6
1962,190350.0
1963,267014.6
1964,44528.8
1965,116766.0
1966,52961.0
1967,93898.8
1968,19586.55
1969,2081.6
1970,13664.0
1971,59502.0
1972,202150.4
1973,55267.0
1974,115362.0
1975,77869.6
1976,31722.4
1977,89855.0
1978,93316.6
1979,6235.2
1980,158184.5
1981,157689.6
1982,74401.6
1983,4386.0
1984,5808.0
1985,26824.8
1986,25785.0
1987,101031.0
1988,247761.4
1989,187927.2
1990,298219.5
1991,27318.4
1992,176979.0
1993,12396.8
1994,255371.4
1995,22562.4
1996,107159.4
1997,63545.4
1998,194335.2
1999,177012.0
2000,88730.0
2001,48126.4
2002,69189.0
2003,152036.1
2004,327411.0
2005,54775.2
2006,48430.4
2007,236025.6
2008,114546.25
2009,174587.2
2010,235432.0
2011,131857.2
2012,32649.6
2013,51552.0
2014,35159.5
2015,66795.2
2016,300262.5
2017,45271.85
2018,10401.6
2019,182567.25
2020,14598.0
2021,14281.7
2022,89147.2
2023,12463.0
2024,144750.0
2025,15786.2
2026,230403.6
2027,70622.0
2028,1466.8
2029,52631.1
2030,379965.0
2031,81329.7
2032,171019.2
2033,83410.0
2034,245956.5
2035,136429.5
2036,92311.5
2037,216853.65
2038,70010.25
2039,15713.0
2040,11639.4
2041,205929.5
2042,52645.0
2043,99990.0
2044,348970.0
2045,43773.3
2046,37840.8
2047,37210.0
2048,36498.05
2049,189090.0
2050,2469.0
2051,191539.0
2052,77684.4
2053,50041.2
2054,19821.6
2055,229853.6
2056,179376.0
2057,90197.75
2058,31977.6
2059,71979.3
2060,128771.6
2061,64824.0
2062,259178.4
2063,95052.0
2064,36402.1
2065,54038.85
2066,14966.4
2067,218170.8
2068,377297.25
2069,71063.4
2070,40320.6
2071,16781.75
2072,35655.0
2073,2745.5
2074,58053.6
2075,300772.0
2076,171135.6
2077,114251.9
2078,140706.0
2079,343966.5
2080,141877.75
2081,35564.8
2082,66990.2
2083,104356.2
2084,37690.2
2085,179933.8
2086,24922.0
2087,60652.0
2088,48568.15
2089,238489.2
2090,214130.0
2091,87038.4
2092,173616.3
2093,132264.0
2094,62548.0
2095,1333.8
2096,140564.85
2097,14412.6
2098,23856.0
2099,133446.6
2100,44212.0
2101,81532.8
2102,91835.55
2103,191902.8
2104,173480.4
2105,60195.3
2106,81193.6
2107,209314.8
2108,203304.75
2109,228305.0
2110,11936.0
2111,111720.6
2112,23461.2
2113,57732.45
2114,30474.0
2115,46443.6
2116,16791.75
2117,11823.3
2118,37593.0
2119,57240.0
2120,150536.7
2121,80920.05
2122,87340.05
2123,45096.0
2124,13624.8
2125,157665.6
2126,9279.6
2127,42576.0
2128,77527.0
2129,140459.4
2130,43440.1
2131,177648.0
2132,37044.8
2133,255316.5
2134,177025.5
2135,113566.8
2136,183679.2
2137,64688.4
2138,191217.0
2139,145407.0
2140,57780.9
2141,101568.2
2142,242858.0
2143,303615.75
2144,47163.2
2145,57692.8
2146,218675.75
2147,290548.0
2148,80574.9
2149,126775.8
2150,167700.0
2151,80956.0
2152,16549.95
2153,24735.0
2154,294129.75
2155,129497.5
2156,125962.4
2157,66989.7
2158,220720.0
2159,25464.0
2160,44367.0
2161,176760.0
2162,116650.5
2163,183855.0
2164,240301.8
2165,71491.3
2166,158716.0
2167,184654.0
2168,123719.2
2169,44824.8
2170,181906.95
2171,86927.8
2172,57235.6
2173,112901.8
2174,233980.0
2175,24797.6
2176,327640.5
2177,61800.0
2178,133852.5
2179,359460.0
2180,142342.0
2181,109263.0
2182,94756.8
2183,164844.0
2184,99360.5
2185,211066.25
2186,188144.0
2187,131690.0
2188,44608.0
2189,199108.6
2190,29745.75
2191,263434.5
2192,48809.1
2193,46692.2
2194,266937.4
2195,27298.4
2196,6158.7
2197,10908.0
2198,88092.8
2199,225147.6
2200,5852.0
2201,254068.4
2202,17341.0
2203,43547.0
2204,18941.4
2205,86751.0
2206,132574.5
2207,233667.0
2208,43357.65
2209,58497.2
2210,33580.8
2211,10947.15
2212,37418.4
2213,132110.8
2214,306948.0
2215,157221.2
2216,104490.0
2217,103938.0
2218,25908.4
2219,41168.0
2220,22338.4
2221,136614.4
2222,21397.5
2223,168093.0
2224,49944.0
2225,368942.0
2226,60169.2
2227,123408.0
2228,6929.2
2229,118850.4
2230,27537.6
2231,132372.0
2232,8308.8
2233,150040.8
2234,311932.0
2235,2989.8
2236,47732.0
2237,25702.0
2238,58288.0
2239,116368.2
2240,138712.5
2241,51213.6
2242,56847.0
2243,95004.0
2244,96524.0
2245,70653.6
2246,41223.3
2247,82783.2
2248,341830.0
2249,210764.7
2250,132934.05
2251,51290.0
2252,11222.55
2253,19066.0
2254,62663.4
2255,216061.2
2256,70175.0
2257,121700.8
2258,82995.3
2259,144320.0
2260,245187.6
2261,110133.0
2262,16150.95
2263,58486.4
2264,6262.4
2265,182761.95
2266,114636.6
2267,268128.0
2268,159970.0
2269,257014.8
2270,44199.0
2271,69114.0
2272,44412.8
2273,3345.6
2274,331497.75
2275,204256.0
2276,271944.0
2277,124431.5
2278,50112.9
2279,212204.8
2280,46381.5
2281,22349.7
2282,8245.0
2283,204261.0
2284,192032.0
2285,233842.5
2286,42492.6
2287,30584.7
2288,25028.25
2289,1527.6
2290,43020.0
2291,179280.0
2292,142615.9
2293,30049.2
2294,26923.5
2295,88978.0
2296,155358.0
2297,51339.0
2298,56140.0
2299,18208.0
2300,33779.7
2301,210427.2
2302,65977.5
2303,142270.2
2304,118178.1
2305,226190.25
2306,51140.0
2307,68752.0
2308,26726.55
2309,65529.9
2310,46733.0
2311,43437.0
2312,19849.6
2313,129490.7
2314,45513.0
2315,16017.6
2316,103678.25
2317,57502.4
2318,24302.7
2319,160170.6
2320,126420.0
2321,111308.4
2322,155997.6
2323,9347.2
2324,130037.25
2325,26063.0
2326,80987.4
2327,78713.4
2328,75696.0
2329,117059.2
2330,339844.5
2331,26000.0
2332,196125.0
2333,210667.25
2334,179728.0
2335,114712.2
2336,98224.0
2337,180080.1
2338,372330.0
2339,106971.9
2340,174042.0
2341,239296.5
2342,29541.75
2343,41768.1
2344,120090.0
2345,7392.45
2346,43391.2
2347,539.75
2348,43891.9
2349,56834.4
2350,243910.8
2351,27285.9
2352,6170.25
2353,18400.0
2354,118796.8
2355,314008.25
2356,5064.0
2357,141893.9
2358,80296.8
2359,24665.3
2360,86980.0
2361,5594.7
2362,192332.25
2363,59841.6
2364,15640.0
2365,43462.2
2366,59966.4
2367,111979.2
2368,161060.55
2369,63570.4
2370,269504.0
2371,145272.0
2372,141571.75
2373,56897.0
2374,39541.0
2375,71546.4
2376,180657.0
2377,158876.8
2378,20009.85
2379,100322.0
2380,90009.6
2381,218196.0
2382,55143.7
2383,90246.2
2384,68418.0
2385,170419.2
2386,52687.8
2387,58635.0
2388,39994.2
2389,54944.0
2390,13729.4
2391,80666.4
2392,42798.4
2393,3897.0
2394,116863.1
2395,105320.0
2396,60700.8
2397,37080.0
2398,163215.0
2399,275228.0
2400,68364.0
2401,52512.0
2402,247505.4
2403,30570.0
2404,116650.5
2405,291137.75
2406,21426.3
2407,240996.0
2408,5688.8
2409,16053.3
2410,51134.7
2411,46437.2
2412,198344.1
2413,191990.25
2414,1384.2
2415,120123.0
2416,190623.0
2417,205502.8
2418,187605.0
2419,184662.5
2420,57535.8
2421,166071.6
2422,30002.4
2423,143782.4
2424,6175.8
2425,17459.1
2426,260978.4
2427,3161.7
2428,118764.8
2429,14320.8
2430,115498.0
2431,22576.0
2432,9055.4
2433,44779.0
2434,1501.2
2435,94184.25
2436,7311.6
2437,28400.4
2438,59876.55
2439,135071.8
2440,155420.0
2441,43510.0
2442,30660.0
2443,52738.2
2444,26149.0
2445,99334.0
2446,10892.7
2447,320278.25
2448,107553.6
2449,172070.6
2450,119235.45
2451,97529.0
2452,137754.0
2453,84576.0
2454,106966.4
2455,50415.3
2456,140771.0
2457,81241.6
2458,103557.6
2459,313015.5
2460,8587.8
2461,7606.8
2462,15938.1
2463,54462.6
2464,134361.6
2465,58032.0
2466,24822.55
2467,272340.0
2468,15838.2
2469,51531.8
2470,290836.0
2471,377080.0
2472,47514.6
2473,46607.4
2474,40115.75
2475,248205.6
2476,57023.95
2477,21184.2
2478,279513.75
2479,45014.4
2480,203352.0
2481,18787.2
2482,62310.6
2483,48125.3
2484,40041.6
2485,131424.0
2486,178492.0
2487,173167.2
2488,210268.0
2489,24120.0
2490,88662.4
2491,97152.45
2492,24820.0
2493,130019.2
2494,27569.7
2495,31916.0
2496,143172.6
2497,170298.9
2498,81724.8
2499,43378.0
2500,34689.25
2501,74461.95
2502,259035.8
2503,131148.45
2504,102049.2
2505,130077.2
2506,86620.8
2507,137878.0
2508,116917.5
2509,183094.25
2510,34074.0
2511,119426.0
2512,23496.0
2513,169068.8
2514,233160.0
2515,12367.8
2516,79650.0
2517,99368.0
2518,191613.0
2519,127916.8
2520,78052.0
2521,168650.4
2522,59369.4
2523,18964.0
2524,133325.85
2525,229986.2
2526,73190.4
2527,94951.8
2528,205083.75
2529,136400.4
2530,17898.4
2531,47178.0
2532,59371.2
2533,35460.3
2534,27476.25
2535,182130.0
2536,21772.0
2537,177196.8
2538,81152.8
2539,52452.0
2540,1223.0
2541,102623.9
2542,212027.4
2543,6848.55
2544,9843.9
2545,67581.0
2546,55452.6
2547,14796.0
2548,120630.0
2549,18676.0
2550,206763.3
2551,41225.0
2552,92911.8
2553,132075.9
2554,6171.0
2555,164584.65
2556,4553.35
2557,250801.0
2558,190560.0
2559,60617.7
2560,116460.0
2561,51740.35
2562,154557.0
2563,61068.0
2564,182362.0
2565,40278.6
2566,70437.6
2567,150377.4
2568,58144.0
2569,199036.4
2570,124603.2
2571,187612.8
2572,206040.0
2573,120825.6
2574,70016.4
2575,30672.0
2576,246876.0
2577,129731.2
2578,14708.8
2579,66153.0
2580,77577.0
2581,239888.0
2582,61971.3
2583,32572.0
2584,4883.4
2585,123331.2
2586,297496.0
2587,260488.0
2588,170316.0
2589,273413.8
2590,51362.1
2591,174870.9
2592,188193.0
2593,5985.6
2594,226674.75
2595,94940.8
2596,241336.0
2597,79880.0
2598,53323.05
2599,60822.0
2600,86912.0
2601,35051.45
2602,74205.45
2603,69350.4
2604,10161.6
2605,85068.0
2606,59223.6
2607,208029.6
2608,171105.0
2609,305031.0
2610,121048.5
2611,116525.0
2612,63209.4
2613,65706.0
2614,282896.0
2615,6354.0
2616,6004.4
2617,36146.4
2618,47498.0
2619,71491.5
2620,2050.2
2621,17442.0
2622,149654.0
2623,11869.3
2624,31088.0
2625,97338.9
2626,59414.4
2627,84987.2
2628,25337.7
2629,55274.8
2630,62171.0
2631,253750.5
2632,36825.6
2633,244134.0
2634,138640.0
2635,103392.0
2636,98150.0
2637,88485.0
2638,7898.3
2639,48758.0
2640,128649.0
2641,59258.4
2642,129708.8
2643,137672.1
2644,136432.0
2645,319210.0
2646,311152.5
2647,202651.05
2648,337581.75
2649,55176.9
2650,166950.0
2651,98892.0
2652,139308.8
2653,90024.0
2654,132170.0
2655,20235.0
2656,51031.2
2657,100054.4
2658,145482.0
2659,27314.4
2660,36038.25
2661,71073.0
2662,755.25
2663,180353.7
2664,22617.6
2665,140633.25
2666,54397.0
2667,251334.8
2668,15103.1
2669,61466.0
2670,233049.25
2671,135218.0
2672,146071.05
2673,74499.0
2674,24645.0
2675,16551.0
2676,140908.5
2677,3832.3
2678,35824.5
2679,169216.0
2680,15345.0
2681,97323.7
2682,235694.8
2683,69477.0
2684,199257.6
2685,44737.2
2686,54444.6
2687,103364.0
2688,40664.0
2689,66620.0
2690,156422.4
2691,74564.0
2692,59436.0
2693,39672.0
2694,64222.2
2695,121696.8
2696,51606.85
2697,189788.0
2698,33156.0
2699,63821.4
2700,284796.0
2701,828.0
2702,61263.9
2703,77473.0
2704,21851.8
2705,236803.2
2706,177862.5
2707,52237.65
2708,167464.8
2709,26831.1
2710,38327.75
2711,101510.4
2712,23518.4
2713,58634.4
2714,96417.0
2715,80015.0
2716,62831.2
2717,53432.7
2718,232816.5
2719,88530.5
2720,113510.0
2721,65015.1
2722,167524.0
2723,14065.8
2724,172902.0
2725,68605.2
2726,311072.0
2727,144557.7
2728,15831.2
2729,175950.0
2730,13461.3
2731,69931.8
2732,4054.5
2733,213580.8
2734,199494.3
2735,173572.6
2736,18905.95
2737,54449.3
2738,113151.6
2739,100827.2
2740,302160.0
2741,165790.2
2742,21175.5
2743,48225.6
2744,20651.1
2745,71441.1
2746,53679.0
2747,63709.2
2748,115381.8
2749,27043.2
2750,53048.5
2751,168753.9
2752,97430.4
2753,133689.7
2754,27890.0
2755,83685.6
2756,145726.2
2757,97909.8
2758,32007.4
2759,10839.2
2760,39927.9
2761,250192.8
2762,92432.0
2763,49852.2
2764,82840.8
2765,171900.9
2766,36420.8
2767,116707.5
2768,2178.35
2769,182029.5
2770,201297.0
2771,338971.5
2772,102217.6
2773,56274.0
2774,18630.0
2775,162657.6
2776,29130.35
2777,25508.45
2778,148505.6
2779,65793.6
2780,43242.4
2781,302863.5
2782,160882.05
2783,18658.0
2784,141577.2
2785,5190.95
2786,37302.4
2787,59273.1
2788,161215.2
2789,46161.0
2790,125881.2
2791,197067.0
2792,361695.0
2793,120637.65
2794,52576.8
2795,91956.0
2796,238900.0
2797,76150.4
2798,123523.7
2799,54500.3
2800,24306.0
2801,59337.0
2802,104158.0
2803,161047.2
2804,280138.5
2805,315925.0
2806,61295.4
2807,63654.0
2808,133104.9
2809,62236.8
2810,226839.6
2811,87580.0
2812,33504.0
2813,105305.0
2814,45667.2
2815,48281.4
2816,131278.6
2817,80216.0
2818,308624.0
2819,174399.6
2820,285570.0
2821,122782.4
2822,192312.0
2823,118064.0
2824,187120.0
2825,245214.0
2826,31770.4
2827,37337.6
2828,110075.0
2829,64459.0
2830,133492.5
2831,56215.0
2832,316141.0
2833,237644.0
2834,318150.0
2835,17370.6
2836,145377.2
2837,160963.2
2838,198553.8
2839,155492.0
2840,63597.85
2841,239472.0
2842,274590.0
2843,2187.0
2844,195252.0
2845,341534.5
2846,87640.35
2847,110514.45
2848,18453.5
2849,156887.75
2850,34538.0
2851,15415.6
2852,94665.6
2853,47150.35
2854,5937.3
2855,254800.0
2856,128109.6
2857,254768.4
2858,116325.6
2859,87490.8
2860,109029.6
2861,48883.2
2862,184730.4
2863,958.8
2864,29649.7
2865,159052.8
2866,59925.6
2867,190132.0
2868,215953.2
2869,33841.05
2870,1056.0
2871,76552.0
2872,42104.75
2873,127115.8
2874,271760.4
2875,126726.4
2876,2679.2
2877,61893.0
2878,25716.0
2879,26924.4
2880,47452.8
2881,73688.4
2882,49828.5
2883,31555.0
2884,45349.2
2885,26198.7
2886,180022.5
2887,160099.2
2888,84267.2
2889,206216.0
2890,241874.75
2891,86835.2
2892,76058.85
2893,110367.4
2894,177156.0
2895,3478.2
2896,16861.45
2897,129052.1
2898,69539.2
2899,249152.0
2900,25776.0
2901,31228.8
2902,29156.4
2903,362.1
2904,62395.0
2905,303544.0
2906,29643.8
2907,28226.4
2908,196779.25
2909,88794.6
2910,107486.4
2911,89544.0
2912,75959.0
2913,134611.1
2914,47256.0
2915,184361.75
2916,74906.0
2917,83078.4
2918,262288.75
2919,12908.8
2920,130960.35
2921,99366.2
2922,139545.0
2923,76535.8
2924,19346.85
2925,42313.0
2926,13930.65
2927,123560.0
2928,246460.4
2929,156092.0
2930,11493.6
2931,11259.1
2932,23441.3
2933,132920.0
2934,219256.2
2935,111644.1
2936,114960.0
2937,132416.4
2938,45834.55
2939,245318.4
2940,39805.5
2941,197129.7
2942,220436.0
2943,181726.2
2944,62253.5
2945,55367.3
2946,116425.6
2947,274244.0
2948,53646.4
2949,43882.2
2950,64244.7
2951,169108.35
2952,18574.2
2953,123665.0
2954,58701.0
2955,115369.2
2956,118184.0
2957,109481.7
2958,79804.8
2959,333738.0
2960,338376.5
2961,7636.8
2962,253875.0
2963,32339.1
2964,246648.75
2965,349832.75
2966,147096.0
2967,83096.5
2968,130070.4
2969,137182.0
2970,101654.75
2971,199848.6
2972,175054.5
2973,225845.0
2974,36032.4
2975,49237.1
2976,33129.0
2977,245096.0
2978,15716.0
2979,45770.4
2980,115110.4
2981,62944.0
2982,53116.5
2983,8912.9
2984,124680.0
2985,9015.5
2986,83497.5
2987,75595.3
2988,20932.0
2989,90961.2
2990,75896.45
2991,35672.8
2992,87667.3
2993,39523.3
2994,14478.0
2995,17398.3
2996,792.0
2997,79844.0
2998,216424.8
2999,38335.5
3000,33216.0
3001,47356.55
3002,60494.4
3003,51467.2
3004,158372.0
3005,120097.8
3006,22890.0
3007,16233.6
3008,2722.55
3009,21845.85
3010,105605.8
3011,126935.2
3012,120332.0
3013,282378.0
3014,215924.0
3015,9639.0
3016,31383.9
3017,63708.0
3018,69868.7
3019,167802.75
3020,288921.6
3021,241892.8
3022,9944.0
3023,116555.5
3024,54048.0
3025,262879.2
3026,60412.0
3027,136138.8
3028,166833.0
3029,263075.0
3030,42597.0
3031,16552.0
3032,11988.4
3033,28541.3
3034,49232.0
3035,207403.4
3036,238054.5
3037,62925.6
3038,88115.4
3039,106037.5
3040,152077.75
3041,22723.0
3042,47753.1
3043,13079.2
3044,66473.4
3045,100515.0
3046,67638.75
3047,56828.8
3048,139930.0
3049,64688.4
3050,94388.0
3051,111701.0
3052,292848.0
3053,69260.4
3054,77933.0
3055,111551.4
3056,71084.0
3057,170464.5
3058,239523.0
3059,269.45
3060,7061.4
3061,156362.6
3062,8143.0
3063,12410.8
3064,174727.8
3065,264.1
3066,49987.8
3067,267210.0
3068,289044.0
3069,75170.65
3070,69193.25
3071,32720.0
3072,93597.8
3073,306571.5
3074,68704.0
3075,63243.2
3076,12215.35
3077,25247.2
3078,75395.8
3079,175026.9
3080,20165.4
3081,120180.7
3082,44667.0
3083,124013.7
3084,19394.0
3085,3690.75
3086,108661.95
3087,41038.2
3088,55303.2
3089,279183.6
3090,145826.0
3091,89578.8
3092,47826.9
3093,31194.9
3094,61952.0
3095,24944.1
3096,143960.4
3097,249644.0
3098,144749.7
3099,282118.5
3100,8771.15
3101,34698.6
3102,60660.0
3103,67190.8
3104,8163.4
3105,129648.6
3106,293219.4
3107,129704.0
3108,228456.0
3109,124492.5
3110,33288.0
3111,94140.0
3112,22707.9
3113,11985.2
3114,93680.0
3115,134087.5
3116,87472.2
3117,112684.0
3118,82504.4
3119,23029.9
3120,246267.0
3121,317555.0
3122,3350.4
3123,55644.0
3124,192316.0
3125,43850.1
3126,206729.5
3127,46580.4
3128,11109.5
3129,34850.0
3130,6458.4
3131,29415.6
3132,211744.0
3133,96660.0
3134,201533.0
3135,149873.9
3136,11643.2
3137,37171.2
3138,208713.6
3139,62728.5
3140,46976.8
3141,169056.0
3142,198224.0
3143,290984.0
3144,12767.0
3145,295200.0
3146,111742.0
3147,92784.0
3148,77228.0
3149,192685.0
3150,103440.0
3151,235036.0
3152,2982.4
3153,311533.5
3154,252507.8
3155,149819.75
3156,59603.2
3157,196108.6
3158,29299.5
3159,113414.4
3160,106686.9
3161,71307.0
3162,78457.6
3163,325953.0
3164,81872.0
3165,104787.2
3166,48293.6
3167,65932.0
3168,53530.0
3169,6228.0
3170,174283.2
3171,166028.8
3172,169227.0
3173,64639.95
3174,263736.0
3175,58805.6
3176,100445.4
3177,79478.9
3178,42199.2
3179,81539.2
3180,50084.8
3181,87478.0
3182,5123.35
3183,59856.0
3184,48445.75
3185,104504.75
3186,185346.9
3187,101663.1
3188,87735.6
3189,158652.0
3190,16219.0
3191,63000.0
3192,54896.0
3193,18284.4
3194,40658.4
3195,58194.0
3196,169569.0
3197,112822.0
3198,374035.0
3199,75057.3
3200,204141.6
3201,65347.15
3202,111739.95
3203,60556.55
3204,171148.8
3205,27579.6
3206,65144.0
3207,33039.1
3208,123575.55
3209,35884.8
3210,186250.35
3211,52886.15
3212,265707.4
3213,212202.0
3214,34569.0
3215,32989.5
3216,20116.25
3217,7436.6
3218,83552.0
3219,68904.4
3220,219667.2
3221,20378.4
3222,107308.2
3223,114280.25
3224,67554.5
3225,172069.75
3226,278247.6
3227,73733.3
3228,179868.5
3229,120024.0
3230,24510.0
3231,21484.25
3232,43412.4
3233,14394.0
3234,4664.0
3235,8467.7
3236,1995.0
3237,37144.05
3238,15467.45
3239,40764.0
3240,259735.5
3241,48627.0
3242,86414.4
3243,116996.4
3244,53667.3
3245,94965.8
3246,117718.2
3247,34451.2
3248,2436.0
3249,22496.1
3250,26309.2
3251,93594.0
3252,33468.75
3253,31183.75
3254,220490.0
3255,55662.4
3256,81644.4
3257,158325.6
3258,116318.25
3259,217328.0
3260,70336.0
3261,48012.8
3262,210672.0
3263,132605.1
3264,9894.6
3265,183105.0
3266,210175.25
3267,127862.4
3268,88529.4
3269,13455.8
3270,242400.0
3271,325316.25
3272,77115.6
3273,108756.0
3274,37059.2
3275,14345.0
3276,111292.5
3277,190150.4
3278,174989.5
3279,100272.0
3280,56967.0
3281,24295.2
3282,50153.4
3283,134667.0
3284,110404.25
3285,177504.0
3286,23579.1
3287,54511.35
3288,14050.5
3289,140528.0
3290,32800.0
3291,315064.0
3292,107718.0
3293,162568.0
3294,72531.2
3295,175645.5
3296,47166.0
3297,9523.2
3298,60133.25
3299,302315.0
3300,181065.0
3301,10715.2
3302,164071.65
3303,86997.6
3304,91439.6
3305,52535.0
3306,26661.6
3307,24807.6
3308,10884.0
3309,138337.2
3310,10362.6
3311,112651.0
3312,181680.0
3313,83299.2
3314,34143.65
3315,220789.2
3316,17433.9
3317,122848.0
3318,110268.0
3319,195771.15
3320,264204.0
3321,144200.0
3322,83082.25
3323,39654.4
3324,12184.7
3325,32700.0
3326,56263.2
3327,14160.7
3328,312692.5
3329,393580.0
3330,81321.9
3331,216696.0
3332,398485.0
3333,68323.2
3334,204336.0
3335,9962.65
3336,91744.0
3337,171649.0
3338,252937.5
3339,39026.0
3340,40352.0
3341,40312.0
3342,24778.0
3343,154268.0
3344,90020.7
3345,64809.0
3346,233172.0
3347,268260.0
3348,105066.0
3349,194429.85
3350,105576.8
3351,110394.6
3352,347787.0
3353,79465.0
3354,917.7
3355,212660.0
3356,39576.0
3357,60493.5
3358,154824.0
3359,14657.4
3360,97382.0
3361,1889.6
3362,93230.4
3363,62808.2
3364,327339.0
3365,67209.3
3366,165413.4
3367,216980.0
3368,199049.4
3369,2347.7
3370,105264.75
3371,64516.5
3372,288913.5
3373,5632.95
3374,70909.9
3375,310615.5
3376,44599.5
3377,126383.1
3378,265684.0
3379,6595.85
3380,63153.0
3381,9732.6
3382,106240.0
3383,25660.8
3384,183918.75
3385,7900.2
3386,377387.5
3387,6209.6
3388,143768.0
3389,116980.2
3390,43190.0
3391,334107.0
3392,119003.4
3393,15700.0
3394,122958.0
3395,22544.0
3396,69250.0
3397,99482.3
3398,48552.0
3399,12934.8
3400,31203.2
3401,189084.8
3402,119548.0
3403,110988.8
3404,51403.5
3405,129813.7
3406,88081.2
3407,188480.0
3408,141188.0
3409,9894.0
3410,72860.0
3411,113824.0
3412,169292.0
3413,88359.2
3414,50040.0
3415,92745.0
3416,121176.0
3417,83296.6
3418,83897.1
3419,159230.0
3420,42880.8
3421,141847.35
3422,171637.95
3423,19470.1
3424,82305.5
3425,214100.0
3426,194382.0
3427,102420.0
3428,38977.0
3429,282750.0
3430,264862.8
3431,27630.0
3432,336306.75
3433,12276.55
3434,141069.6
3435,314584.0
3436,207441.0
3437,45625.5
3438,42228.0
3439,53124.0
3440,21578.4
3441,37063.3
3442,63622.8
3443,46040.0
3444,165205.0
3445,294756.0
3446,101564.0
3447,129002.4
3448,224809.2
3449,176399.1
3450,28401.0
3451,25947.2
3452,190956.0
3453,82392.0
3454,15453.9
3455,78212.0
3456,112134.4
3457,26889.0
3458,23233.2
3459,16946.45
3460,148262.4
3461,188123.75
3462,10270.8
3463,207242.5
3464,62586.4
3465,22703.0
3466,56888.0
3467,84028.0
3468,137986.2
3469,97488.0
3470,1468.7
3471,21119.2
3472,120636.7
3473,101970.0
3474,76692.0
3475,157792.5
3476,76432.0
3477,115912.0
3478,86140.0
3479,60185.7
3480,63873.25
3481,30457.0
3482,29496.0
3483,197675.1
3484,26976.0
3485,216543.0
3486,38377.8
3487,61560.0
3488,318546.0
3489,8151.0
3490,90582.4
3491,79204.5
3492,34587.0
3493,29906.4
3494,219492.0
3495,103523.4
3496,213582.8
3497,250819.0
3498,84677.4
3499,206766.0
3500,266912.0
3501,89860.8
3502,35675.0
3503,55803.35
3504,2305.2
3505,164228.4
3506,241807.5
3507,19719.15
3508,237588.0
3509,123448.7
3510,56899.2
3511,271624.0
3512,146142.0
3513,278510.0
3514,11433.6
3515,142941.75
3516,74728.6
3517,73091.5
3518,84132.15
3519,374.4
3520,247178.6
3521,17371.8
3522,6318.05
3523,71607.6
3524,13158.4
3525,157072.35
3526,66236.4
3527,54766.4
3528,178905.6
3529,53900.2
3530,62387.1
3531,60490.25
3532,148762.4
3533,89174.4
3534,53381.6
3535,62817.0
3536,2648.0
3537,252518.0
3538,5969.7
3539,83324.7
3540,48531.6
3541,41202.9
3542,280922.6
3543,106603.3
3544,119910.0
3545,68685.0
3546,4564.0
3547,86341.7
3548,91941.0
3549,77608.0
3550,42106.45
3551,267615.0
3552,25492.5
3553,27990.8
3554,35673.0
3555,26812.8
3556,13060.8
3557,262896.0
3558,158600.0
3559,96084.9
3560,39605.4
3561,1508.0
3562,54182.4
3563,57242.25
3564,28662.4
3565,35925.6
3566,251605.0
3567,21459.2
3568,135341.25
3569,237402.0
3570,202507.4
3571,33717.8
3572,68441.4
3573,40308.0
3574,62764.6
3575,70558.0
3576,283122.25
3577,62470.4
3578,232833.0
3579,198667.8
3580,104215.95
3581,135716.0
3582,116291.9
3583,75844.2
3584,26813.6
3585,53283.6
3586,149499.0
3587,81237.0
3588,56313.6
3589,330457.5
3590,118465.6
3591,133799.4
3592,203583.0
3593,119524.8
3594,9544.65
3595,110680.0
3596,190345.8
3597,18745.05
3598,82105.2
3599,110988.0
3600,84280.0
3601,102004.0
3602,36444.6
3603,127096.8
3604,83208.6
3605,141650.0
3606,94092.0
3607,5693.0
3608,217795.5
3609,56334.0
3610,3539.4
3611,162352.0
3612,109078.8
3613,23737.95
3614,37308.6
3615,110812.8
3616,71208.2
3617,209264.4
3618,61347.6
3619,232006.4
3620,15262.7
3621,4313.75
3622,17202.0
3623,85120.7
3624,96867.7
3625,135675.0
3626,244587.0
3627,44081.85
3628,44731.25
3629,46826.0
3630,120615.8
3631,20100.0
3632,189107.0
3633,129812.4
3634,208476.8
3635,258475.0
3636,20109.6
3637,17250.0
3638,135626.4
3639,216624.0
3640,56223.0
3641,116376.0
3642,255308.8
3643,63422.4
3644,67692.3
3645,115878.8
3646,380045.0
3647,8398.0
3648,274576.5
3649,127176.0
3650,76038.0
3651,850.4
3652,28355.4
3653,78195.2
3654,158786.4
3655,189097.6
3656,58614.4
3657,10451.2
3658,64999.0
3659,51101.45
3660,112752.5
3661,223686.0
3662,228556.5
3663,67899.6
3664,11170.0
3665,61626.5
3666,168936.0
3667,122790.0
3668,121609.5
3669,115812.6
3670,45651.0
3671,13572.0
3672,71400.0
3673,221943.0
3674,41115.6
3675,8438.4
3676,127485.6
3677,27470.4
3678,226320.0
3679,40881.6
3680,23648.4
3681,12992.2
3682,3060.0
3683,74856.2
3684,74399.0
3685,59130.0
3686,73497.0
3687,58028.65
3688,7712.0
3689,17788.8
3690,202176.0
3691,160352.0
3692,15855.9
3693,83740.0
3694,178177.0
3695,1763.75
3696,7379.6
3697,62910.0
3698,211820.0
3699,77940.0
3700,156822.0
3701,208641.0
3702,52700.0
3703,352179.25
3704,376725.0
3705,96600.6
3706,38767.2
3707,206712.0
3708,88666.9
3709,288341.25
3710,15005.25
3711,127712.0
3712,110089.8
3713,14177.6
3714,92607.5
3715,22318.35
3716,233325.0
3717,35613.0
3718,162377.8
3719,1041.25
3720,182709.2
3721,142230.4
3722,36987.3
3723,262545.0
3724,107973.0
3725,97658.4
3726,13545.0
3727,29727.0
3728,143047.8
3729,116472.0
3730,299960.75
3731,12032.0
3732,153276.3
3733,93286.65
3734,304275.5
3735,63931.2
3736,342040.0
3737,3114.4
3738,61785.0
3739,108893.5
3740,295222.0
3741,109395.0
3742,147985.2
3743,9236.1
3744,225156.5
3745,145096.0
3746,164702.7
3747,28702.8
3748,158913.0
3749,323365.75
3750,204393.6
3751,35484.8
3752,79061.9
3753,166242.4
3754,485.1
3755,128551.2
3756,162547.2
3757,215092.8
3758,107706.25
3759,143334.0
3760,203048.1
3761,90984.0
3762,240004.0
3763,50323.4
3764,53454.8
3765,159454.05
3766,264575.25
3767,131567.25
3768,242968.2
3769,111195.0
3770,181580.0
3771,95524.0
3772,204116.0
3773,19167.2
3774,127500.0
3775,144010.4
3776,102676.0
3777,247732.0
3778,23921.0
3779,343630.0
3780,254940.0
3781,25697.5
3782,265016.0
3783,41993.1
3784,106313.55
3785,23904.8
3786,21883.25
3787,85460.4
3788,32849.1
3789,179616.0
3790,85816.0
3791,81506.5
3792,127464.0
3793,43139.2
3794,3924.45
3795,70767.6
3796,301432.0
3797,17553.15
3798,58544.6
3799,77011.7
3800,36533.6
3801,22984.2
3802,48800.0
3803,23913.05
3804,23891.4
3805,108072.0
3806,65987.1
3807,48466.8
3808,276088.5
3809,73883.7
3810,80248.5
3811,229353.6
3812,7490.2
3813,44387.2
3814,42565.5
3815,82560.0
3816,36369.0
3817,22100.0
3818,133929.0
3819,57713.6
3820,150564.75
3821,153864.0
3822,101235.0
3823,35237.0
3824,157124.0
3825,338067.0
3826,52711.2
3827,22077.6
3828,74993.8
3829,32216.8
3830,289180.0
3831,180288.0
3832,300618.0
3833,127264.5
3834,78040.0
3835,117718.2
3836,181738.8
3837,65959.2
3838,228927.2
3839,15332.3
3840,64551.0
3841,104580.0
3842,166620.0
3843,134684.2
3844,127963.8
3845,35876.75
3846,111151.8
3847,150129.0
3848,25700.0
3849,46245.05
3850,231740.0
3851,48622.5
3852,16265.9
3853,125476.0
3854,134391.0
3855,40865.4
3856,230499.2
3857,29164.05
3858,137860.0
3859,117731.6
3860,7452.0
3861,65836.0
3862,3043.2
3863,292723.5
3864,122458.8
3865,12113.45
3866,63268.8
3867,22348.0
3868,72440.4
3869,35886.25
3870,75633.6
3871,205712.75
3872,86948.2
3873,261928.0
3874,89915.55
3875,124761.6
3876,29922.55
3877,194015.0
3878,17005.1
3879,47978.0
3880,119878.05
3881,115677.6
3882,336766.5
3883,282260.0
3884,189040.0
3885,157272.0
3886,172154.4
3887,21057.05
3888,96194.5
3889,53580.0
3890,276288.5
3891,9384.3
3892,162521.6
3893,42902.0
3894,137343.0
3895,89409.25
3896,22778.4
3897,91154.4
3898,86508.0
3899,167054.4
3900,62860.05
3901,36378.9
3902,176608.0
3903,149012.0
3904,16770.5
3905,228944.0
3906,102272.4
3907,40089.4
3908,49332.0
3909,250629.0
3910,86968.6
3911,210344.25
3912,3717.6
3913,311815.0
3914,77004.0
3915,3955.05
3916,177922.8
3917,57911.05
3918,45086.4
3919,120691.8
3920,85286.4
3921,254641.8
3922,566.1
3923,132513.3
3924,177102.6
3925,11080.8
3926,123868.6
3927,50399.9
3928,200208.0
3929,59542.4
3930,6836.0
3931,17985.4
3932,59887.2
3933,67752.65
3934,208059.5
3935,193816.8
3936,8465.45
3937,274876.8
3938,32493.6
3939,123444.0
3940,103353.6
3941,132604.25
3942,129451.2
3943,41126.4
3944,59411.2
3945,121368.6
3946,14010.0
3947,29727.0
3948,40048.2
3949,15894.4
3950,144540.0
3951,150675.0
3952,38836.95
3953,72667.4
3954,46636.1
3955,64024.3
3956,12195.0
3957,69312.0
3958,141240.3
3959,61120.0
3960,49352.4
3961,74125.0
3962,85881.0
3963,118069.8
3964,36207.0
3965,105939.9
3966,355720.0
3967,38222.4
3968,154908.8
3969,39630.4
3970,105136.5
3971,307660.0
3972,60285.4
3973,44662.4
3974,40279.2
3975,29463.3
3976,173914.25
3977,4750.0
3978,31392.0
3979,127910.0
3980,27513.0
3981,50296.2
3982,823.5
3983,221072.0
3984,49113.0
3985,42844.0
3986,41674.0
3987,210867.2
3988,63796.5
3989,55455.0
3990,2205.9
3991,311746.0
3992,85952.0
3993,111886.35
3994,141091.2
3995,94480.8
3996,51816.0
3997,28121.0
3998,77248.0
3999,83940.1
4000,53622.0
4001,160683.0
4002,81062.55
4003,50998.3
4004,105138.0
4005,84068.0
4006,138204.0
4007,168070.5
4008,65548.8
4009,49323.05
4010,56425.6
4011,43095.8
4012,3450.0
4013,268264.8
4014,99910.8
4015,189645.0
4016,90766.8
4017,137109.6
4018,52246.8
4019,61314.9
4020,235716.0
4021,183319.5
4022,260495.25
4023,259436.0
4024,32903.0
4025,76065.0
4026,24974.1
4027,67362.6
4028,49102.0
4029,30495.0
4030,250899.6
4031,80886.0
4032,191451.6
4033,76948.2
4034,39461.0
4035,228723.0
4036,94884.8
4037,103899.2
4038,153273.6
4039,62302.5
4040,63947.35
4041,268276.0
4042,147417.2
4043,339824.5
4044,72919.8
4045,140623.2
4046,22805.5
4047,99133.8
4048,65854.4
4049,78240.0
4050,22918.0
4051,84515.2
4052,206976.0
4053,114370.9
4054,342166.5
4055,18518.4
4056,31357.6
4057,240212.0
4058,183192.0
4059,45175.8
4060,86415.25
4061,111214.0
4062,40613.4
4063,151809.15
4064,16046.0
4065,184596.0
4066,118728.0
4067,71060.0
4068,169196.75
4069,33552.8
4070,206840.0
4071,31787.2
4072,89892.8
4073,93126.6
4074,71577.75
4075,98862.0
4076,208607.4
4077,91368.15
4078,327690.0
4079,3009.0
4080,20833.0
4081,74266.25
4082,55250.1
4083,250950.4
4084,355216.5
4085,66063.6
4086,94932.0
4087,126942.8
4088,69049.8
4089,40088.0
4090,21006.0
4091,147658.5
4092,6573.6
4093,131689.95
4094,46242.0
4095,187848.3
4096,164195.0
4097,92101.5
4098,55816.8
4099,265.05
4100,235505.0
4101,35560.0
4102,43376.0
4103,176947.05
4104,184080.0
4105,87036.0
4106,47875.5
4107,254196.0
4108,50750.1
4109,6298.5
4110,1848.75
4111,214412.4
4112,233604.0
4113,147028.5
4114,4975.2
4115,126834.0
4116,41517.0
4117,137345.55
4118,4031.8
4119,224043.0
4120,254444.2
4121,82682.1
4122,44958.75
4123,74079.9
4124,73508.0
4125,5016.0
4126,57035.2
4127,76177.0
4128,46429.0
4129,26993.7
4130,59964.0
4131,51713.0
4132,7659.2
4133,148428.0
4134,130324.0
4135,174633.75
4136,167340.0
4137,113050.0
4138,147840.0
4139,222145.8
4140,248260.0
4141,16509.1
4142,68990.0
4143,125395.2
4144,131551.95
4145,53214.3
4146,118221.4
4147,33407.7
4148,69007.05
4149,234220.5
4150,179074.8
4151,2500.8
4152,33833.3
4153,95728.65
4154,54702.0
4155,34319.6
4156,44810.0
4157,229612.2
4158,142306.2
4159,24264.0
4160,73872.0
4161,112459.25
4162,23658.8
4163,40284.8
4164,58688.0
4165,7720.55
4166,79625.0
